,negative,positive
201201,"['appl', 'said', 'compani', 'market', 'share', 'smartphon', 'iphon', 'year', 'nokia', 'analyst', 'quarter', 'million', 'sale', 'percent', 'new', 'phone', 'billion', 'verizon', 'oper', 'devic', 'time', 'wireless', 'mobil', 'report', 'fourth']","['quarter', 'year', 'say', 'compani', 'expect', 'billion', 'chip', 'loss', 'samsung', 'sale', 'million', 'percent', 'profit', 'forecast', 'corp', 'maker', 'revenu', 'net', 'yen', 'busi', 'result', 'drive', 'comput', 'earn', 'flood']"
201202,"['new', 'said', 'mobil', 'compani', 'like', 'googl', 'use', 'phone', 'mr', 'smartphon', 'devic', 'bell', 'price', 'user', 'game', 'market', 'billion', 'network', 'lab', 'make', 'time', 'technolog', 'point', 'work', 'year']","['year', 'compani', 'quarter', 'percent', 'appl', 'market', 'sale', 'say', 'million', 'share', 'said', 'analyst', 'expect', 'smartphon', 'maker', 'revenu', 'earn', 'comput', 'corp', 'report', 'stock', 'profit', 'mobil', 'window', 'fourth']"
201203,"['compani', 'year', 'quarter', 'said', 'market', 'rim', 'sale', 'percent', 'smartphon', 'million', 'say', 'share', 'analyst', 'phone', 'expect', 'nokia', 'new', 'maker', 'revenu', 'blackberri', 'mr', 'oper', 'corp', 'billion', 'china']","['appl', 'said', 'compani', 'buy', 'store', 'year', 'time', 'new', 'use', 'best', 'work', 'foxconn', 'machin', 'billion', 'month', 'deal', 'job', 'cash', 'group', 'chang', 'servic', 'report', 'reuter', 'say', 'mr']"
201204,"['phone', 'like', 'googl', 'new', 'compani', 'said', 'mobil', 'year', 'state', 'devic', 'store', 'consum', 'retail', 'use', 'smartphon', 'card', 'peopl', 'camri', 'time', 'camera', 'bank', 'offer', 'android', 'work', 'gift']","['year', 'quarter', 'compani', 'said', 'sale', 'market', 'million', 'smartphon', 'profit', 'billion', 'say', 'expect', 'appl', 'revenu', 'percent', 'samsung', 'busi', 'analyst', 'nokia', 'share', 'growth', 'new', 'corp', 'mobil', 'report']"
201205,"['mobil', 'compani', 'phone', 'devic', 'said', 'year', 'appl', 'smartphon', 'like', 'percent', 'googl', 'million', 'use', 'new', 'say', 'iphon', 'facebook', 'servic', 'product', 'android', 'market', 'sale', 'maker', 'buy', 'quarter']","['rim', 'said', 'compani', 'market', 'year', 'billion', 'percent', 'new', 'sale', 'share', 'patent', 'oper', 'execut', 'analyst', 'blackberri', 'reuter', 'chief', 'report', 'busi', 'stock', 'bank', 'month', 'financi', 'global', 'quarter']"
201206,"['appl', 'said', 'store', 'work', 'googl', 'game', 'peopl', 'compani', 'like', 'new', 'app', 'camera', 'time', 'mr', 'year', 'comput', 'employe', 'use', 'microsoft', 'devic', 'make', 'tablet', 'phone', 'facebook', 'manag']","['compani', 'rim', 'said', 'market', 'year', 'blackberri', 'quarter', 'smartphon', 'say', 'new', 'sale', 'million', 'expect', 'phone', 'samsung', 'appl', 'analyst', 'percent', 'share', 'oper', 'billion', 'devic', 'launch', 'maker', 'sell']"
201207,"['appl', 'samsung', 'said', 'compani', 'patent', 'time', 'new', 'iphon', 'googl', 'phone', 'execut', 'like', 'say', 'devic', 'smartphon', 'court', 'year', 'make', 'use', 'chief', 'york', 'mr', 'document', 'product', 'blackberri']","['quarter', 'year', 'compani', 'appl', 'sale', 'said', 'expect', 'percent', 'profit', 'million', 'samsung', 'smartphon', 'iphon', 'market', 'report', 'share', 'billion', 'analyst', 'revenu', 'new', 'second', 'pct', 'busi', 'earn', 'price']"
201208,"['compani', 'year', 'percent', 'market', 'new', 'close', 'said', 'expect', 'million', 'report', 'sale', 'quarter', 'say', 'bank', 'wednesday', 'billion', 'busi', 'corp', 'price', 'time', 'pct', 'reuter', 'profit', 'revenu', 'maker']","['appl', 'samsung', 'patent', 'said', 'phone', 'smartphon', 'android', 'compani', 'googl', 'product', 'devic', 'iphon', 'market', 'microsoft', 'case', 'galaxi', 'court', 'design', 'mobil', 'window', 'like', 'verdict', 'juri', 'use', 'maker']"
201209,"['appl', 'said', 'compani', 'year', 'market', 'new', 'iphon', 'smartphon', 'million', 'phone', 'percent', 'rim', 'devic', 'sale', 'blackberri', 'analyst', 'quarter', 'samsung', 'share', 'say', 'googl', 'mobil', 'expect', 'tablet', 'price']","['said', 'compani', 'new', 'mobil', 'ad', 'servic', 'market', 'pct', 'like', 'patent', 'technolog', 'et', 'use', 'close', 'say', 'time', 'monday', 'onlin', 'custom', 'mr', 'peopl', 'car', 'verizon', 'offer', 'busi']"
201210,"['year', 'compani', 'said', 'quarter', 'sale', 'market', 'window', 'new', 'appl', 'billion', 'profit', 'phone', 'microsoft', 'samsung', 'percent', 'tablet', 'smartphon', 'devic', 'googl', 'expect', 'oper', 'share', 'product', 'million', 'analyst']","['said', 'new', 'close', 'mr', 'storm', 'peopl', 'street', 'citi', 'york', 'wednesday', 'pct', 'hurrican', 'report', 'servic', 'water', 'time', 'power', 'state', 'work', 'sandi', 'et', 'presid', 'day', 'busi', 'make']"
201211,"['said', 'year', 'new', 'sale', 'appl', 'say', 'compani', 'phone', 'market', 'smartphon', 'tablet', 'game', 'comput', 'million', 'nintendo', 'china', 'quarter', 'samsung', 'window', 'devic', 'like', 'microsoft', 'wii', 'mr', 'busi']","['percent', 'said', 'compani', 'pct', 'share', 'market', 'year', 'sale', 'expect', 'et', 'report', 'retail', 'stock', 'quarter', 'close', 'reuter', 'billion', 'rim', 'day', 'maker', 'tuesday', 'price', 'wednesday', 'friday', 'monday']"
201212,"['appl', 'samsung', 'said', 'phone', 'googl', 'compani', 'patent', 'new', 'smartphon', 'year', 'devic', 'camera', 'market', 'use', 'sale', 'motorola', 'product', 'tablet', 'window', 'android', 'iphon', 'peopl', 'mr', 'nokia', 'amazon']","['compani', 'year', 'said', 'percent', 'sale', 'quarter', 'market', 'say', 'million', 'new', 'busi', 'stock', 'share', 'billion', 'rim', 'retail', 'sell', 'end', 'smartphon', 'analyst', 'time', 'buy', 'revenu', 'month', 'mobil']"
201301,"['compani', 'said', 'year', 'quarter', 'percent', 'market', 'profit', 'close', 'billion', 'sale', 'expect', 'report', 'pct', 'million', 'busi', 'revenu', 'wednesday', 'corp', 'share', 'smartphon', 'maker', 'analyst', 'earn', 'tuesday', 'fourth']","['blackberri', 'rim', 'new', 'phone', 'compani', 'said', 'devic', 'iphon', 'market', 'say', 'offic', 'app', 'use', 'screen', 'year', 'smartphon', 'hein', 'user', 'like', 'mr', 'launch', 'android', 'carrier', 'time', 'appl']"
201302,"['smartphon', 'market', 'said', 'compani', 'appl', 'year', 'mobil', 'samsung', 'devic', 'phone', 'percent', 'new', 'oper', 'googl', 'android', 'share', 'sale', 'tablet', 'iphon', 'price', 'use', 'quarter', 'nokia', 'india', 'sell']","['compani', 'said', 'busi', 'close', 'mr', 'say', 'retail', 'year', 'new', 'sale', 'stock', 'friday', 'store', 'use', 'time', 'report', 'barn', 'nobl', 'billion', 'connect', 'make', 'custom', 'buy', 'payment', 'technolog']"
201303,"['app', 'like', 'year', 'said', 'new', 'use', 'music', 'make', 'mr', 'peopl', 'messag', 'seoul', 'samsung', 'includ', 'south', 'compani', 'work', 'say', 'korea', 'percent', 'facebook', 'time', 'free', 'servic', 'busi']","['compani', 'said', 'market', 'new', 'year', 'blackberri', 'share', 'percent', 'million', 'rim', 'appl', 'sale', 'pct', 'smartphon', 'phone', 'friday', 'quarter', 'billion', 'expect', 'price', 'close', 'stock', 'report', 'et', 'launch']"
201304,"['year', 'compani', 'said', 'market', 'smartphon', 'billion', 'appl', 'samsung', 'mobil', 'new', 'sale', 'china', 'like', 'busi', 'say', 'use', 'make', 'time', 'end', 'technolog', 'percent', 'phone', 'million', 'oper', 'devic']","['quarter', 'pct', 'profit', 'expect', 'report', 'compani', 'et', 'percent', 'thursday', 'revenu', 'close', 'market', 'year', 'forecast', 'share', 'analyst', 'said', 'stock', 'quarterli', 'earn', 'million', 'wednesday', 'maker', 'estim', 'corp']"
201305,"['compani', 'said', 'soni', 'year', 'market', 'busi', 'smartphon', 'sale', 'new', 'game', 'mobil', 'devic', 'electron', 'microsoft', 'percent', 'profit', 'mr', 'samsung', 'xbox', 'million', 'pc', 'share', 'billion', 'lenovo', 'make']","['compani', 'said', 'share', 'yahoo', 'close', 'pct', 'year', 'billion', 'tumblr', 'mr', 'servic', 'googl', 'wednesday', 'stock', 'market', 'revenu', 'million', 'quarter', 'expect', 'premarket', 'say', 'price', 'user', 'custom', 'oracl']"
201306,"['compani', 'said', 'mr', 'use', 'make', 'devic', 'like', 'oil', 'new', 'deal', 'price', 'product', 'app', 'year', 'fuel', 'hotel', 'car', 'busi', 'game', 'develop', 'technolog', 'work', 'energi', 'offer', 'book']","['compani', 'market', 'said', 'year', 'smartphon', 'new', 'share', 'sale', 'samsung', 'phone', 'million', 'appl', 'pct', 'blackberri', 'quarter', 'corp', 'mr', 'close', 'oper', 'analyst', 'percent', 'execut', 'billion', 'expect', 'say']"
201307,"['pct', 'compani', 'quarter', 'et', 'expect', 'report', 'second', 'profit', 'market', 'revenu', 'analyst', 'stock', 'earn', 'share', 'close', 'year', 'percent', 'said', 'forecast', 'quarterli', 'maker', 'estim', 'sale', 'price', 'result']","['said', 'smartphon', 'year', 'compani', 'samsung', 'market', 'appl', 'new', 'billion', 'busi', 'phone', 'sale', 'percent', 'like', 'devic', 'mobil', 'price', 'time', 'oper', 'product', 'use', 'mr', 'model', 'million', 'make']"
201308,"['compani', 'microsoft', 'said', 'mr', 'new', 'ballmer', 'busi', 'like', 'year', 'devic', 'market', 'googl', 'execut', 'technolog', 'smartphon', 'sale', 'appl', 'comput', 'softwar', 'product', 'phone', 'game', 'time', 'peopl', 'glass']","['compani', 'pct', 'said', 'percent', 'et', 'market', 'year', 'expect', 'share', 'verizon', 'stock', 'quarter', 'report', 'analyst', 'million', 'close', 'vodafon', 'sale', 'thursday', 'reuter', 'revenu', 'wireless', 'price', 'billion', 'deal']"
201309,"['blackberri', 'said', 'compani', 'billion', 'share', 'percent', 'market', 'deal', 'busi', 'new', 'fairfax', 'offer', 'reuter', 'york', 'million', 'stock', 'report', 'investor', 'say', 'group', 'privat', 'mr', 'bank', 'maker', 'sell']","['said', 'compani', 'appl', 'iphon', 'market', 'new', 'year', 'sale', 'devic', 'million', 'smartphon', 'phone', 'tablet', 'microsoft', 'servic', 'use', 'screen', 'china', 'surfac', 'user', 'time', 'expect', 'peopl', 'make', 'model']"
201310,"['said', 'year', 'compani', 'china', 'market', 'bank', 'like', 'facebook', 'mr', 'reuter', 'ad', 'brand', 'million', 'ryanair', 'user', 'percent', 'deal', 'new', 'chines', 'peopl', 'month', 'onlin', 'group', 'airlin', 'servic']","['compani', 'year', 'appl', 'quarter', 'said', 'billion', 'sale', 'market', 'percent', 'smartphon', 'busi', 'million', 'profit', 'share', 'microsoft', 'new', 'mobil', 'devic', 'nokia', 'samsung', 'iphon', 'oper', 'expect', 'tablet', 'phone']"
201311,"['said', 'compani', 'market', 'sale', 'pct', 'year', 'percent', 'thursday', 'car', 'et', 'expect', 'close', 'custom', 'share', 'retail', 'new', 'mobil', 'store', 'camera', 'use', 'like', 'time', 'stock', 'consum', 'report']","['compani', 'said', 'samsung', 'intel', 'new', 'appl', 'year', 'nokia', 'smartphon', 'market', 'busi', 'phone', 'technolog', 'mr', 'devic', 'sale', 'product', 'use', 'mobil', 'billion', 'chip', 'maker', 'servic', 'microsoft', 'tablet']"
201312,"['said', 'year', 'store', 'new', 'ad', 'like', 'use', 'peopl', 'time', 'technolog', 'mr', 'product', 'say', 'make', 'compani', 'digit', 'sale', 'ebay', 'want', 'onlin', 'toy', 'retail', 'way', 'gener', 'car']","['compani', 'said', 'china', 'market', 'year', 'mobil', 'blackberri', 'appl', 'percent', 'smartphon', 'million', 'billion', 'new', 'mr', 'share', 'iphon', 'sale', 'busi', 'phone', 'deal', 'chen', 'lenovo', 'price', 'quarter', 'execut']"
201401,"['pct', 'compani', 'quarter', 'expect', 'said', 'percent', 'report', 'profit', 'revenu', 'sale', 'close', 'year', 'wednesday', 'price', 'share', 'fourth', 'billion', 'analyst', 'quarterli', 'market', 'stock', 'earn', 'thursday', 'million', 'premarket']","['lenovo', 'said', 'compani', 'googl', 'motorola', 'smartphon', 'market', 'year', 'billion', 'mr', 'appl', 'busi', 'china', 'mobil', 'new', 'deal', 'samsung', 'like', 'million', 'sale', 'phone', 'sell', 'time', 'execut', 'brand']"
201402,"['samsung', 'said', 'phone', 'new', 'smartphon', 'devic', 'compani', 'share', 'peopl', 'screen', 'market', 'like', 'world', 'say', 'appl', 'sale', 'mr', 'featur', 'year', 'galaxi', 'product', 'use', 'mobil', 'huawei', 'time']","['compani', 'phone', 'year', 'market', 'said', 'mobil', 'nokia', 'price', 'android', 'new', 'microsoft', 'smartphon', 'servic', 'billion', 'oper', 'appl', 'percent', 'china', 'maker', 'sale', 'month', 'googl', 'like', 'million', 'window']"
201403,"['said', 'htc', 'mr', 'design', 'time', 'new', 'year', 'like', 'phone', 'use', 'product', 'compani', 'make', 'china', 'shapeway', 'market', 'ms', 'photo', 'model', 'care', 'case', 'print', 'smartphon', 'world', 'car']","['compani', 'said', 'year', 'market', 'new', 'appl', 'mobil', 'smartphon', 'billion', 'sale', 'busi', 'reuter', 'china', 'mr', 'devic', 'offic', 'microsoft', 'percent', 'googl', 'million', 'revenu', 'servic', 'iphon', 'share', 'softwar']"
201404,"['compani', 'said', 'nokia', 'mr', 'appl', 'busi', 'patent', 'use', 'new', 'map', 'googl', 'like', 'say', 'microsoft', 'samsung', 'year', 'time', 'mobil', 'app', 'smartphon', 'make', 'phone', 'motorola', 'technolog', 'billion']","['compani', 'quarter', 'year', 'said', 'profit', 'sale', 'percent', 'expect', 'report', 'close', 'market', 'revenu', 'share', 'billion', 'analyst', 'pct', 'million', 'tuesday', 'wednesday', 'appl', 'quarterli', 'stock', 'smartphon', 'price', 'amazon']"
201405,"['said', 'mr', 'year', 'compani', 'soni', 'like', 'market', 'game', 'new', 'use', 'busi', 'phone', 'time', 'make', 'smartphon', 'samsung', 'app', 'set', 'say', 'line', 'photo', 'devic', 'peopl', 'camera', 'appl']","['said', 'compani', 'pct', 'billion', 'million', 'market', 'year', 'percent', 'close', 'sale', 'busi', 'smartphon', 'share', 'deal', 'revenu', 'report', 'expect', 'stock', 'profit', 'corp', 'mobil', 'reuter', 'maker', 'quarter', 'china']"
201406,"['compani', 'said', 'year', 'market', 'million', 'billion', 'devic', 'sale', 'product', 'share', 'appl', 'expect', 'busi', 'pct', 'new', 'blackberri', 'price', 'offer', 'smartphon', 'investor', 'maker', 'quarter', 'make', 'mr', 'home']","['phone', 'said', 'amazon', 'app', 'like', 'googl', 'compani', 'new', 'yahoo', 'smartphon', 'mr', 'year', 'use', 'user', 'devic', 'android', 'time', 'tablet', 'advertis', 'peopl', 'featur', 'make', 'samsung', 'market', 'video']"
201407,"['compani', 'said', 'year', 'quarter', 'sale', 'market', 'billion', 'smartphon', 'expect', 'profit', 'million', 'share', 'percent', 'new', 'second', 'revenu', 'report', 'servic', 'samsung', 'busi', 'oper', 'mobil', 'china', 'analyst', 'pct']","['mr', 'yoo', 'compani', 'photo', 'say', 'said', 'ferri', 'prosecutor', 'like', 'church', 'busi', 'ship', 'member', 'year', 'use', 'new', 'famili', 'includ', 'million', 'user', 'south', 'korea', 'time', 'film', 'app']"
201408,"['compani', 'year', 'said', 'market', 'sale', 'million', 'smartphon', 'billion', 'share', 'expect', 'mobil', 'percent', 'quarter', 'appl', 'plan', 'unit', 'new', 'china', 'price', 'oper', 'revenu', 'offer', 'end', 'close', 'busi']","['data', 'said', 'tv', 'phone', 'new', 'app', 'use', 'like', 'year', 'time', 'make', 'smartphon', 'compani', 'mr', 'softwar', 'peopl', 'video', 'start', 'technolog', 'retail', 'busi', 'work', 'window', 'chief', 'mani']"
201409,"['compani', 'said', 'market', 'year', 'pct', 'billion', 'million', 'expect', 'share', 'stock', 'offer', 'revenu', 'sale', 'price', 'report', 'tuesday', 'mobil', 'percent', 'investor', 'servic', 'bank', 'close', 'new', 'firm', 'plan']","['iphon', 'said', 'appl', 'blackberri', 'phone', 'compani', 'new', 'china', 'mr', 'devic', 'year', 'smartphon', 'sale', 'passport', 'use', 'chen', 'data', 'market', 'like', 'screen', 'custom', 'govern', 'softwar', 'million', 'make']"
201410,"['compani', 'said', 'china', 'mr', 'technolog', 'chines', 'like', 'say', 'appl', 'invest', 'bank', 'year', 'market', 'busi', 'time', 'use', 'chip', 'new', 'peopl', 'card', 'cook', 'group', 'india', 'state', 'govern']","['year', 'said', 'compani', 'samsung', 'quarter', 'market', 'smartphon', 'profit', 'sale', 'billion', 'busi', 'devic', 'expect', 'million', 'mobil', 'percent', 'new', 'share', 'price', 'oper', 'appl', 'report', 'yen', 'analyst', 'maker']"
201411,"['like', 'use', 'compani', 'year', 'new', 'app', 'time', 'auction', 'game', 'said', 'wireless', 'data', 'car', 'devic', 'peopl', 'monday', 'make', 'inform', 'mani', 'includ', 'bid', 'way', 'start', 'spectrum', 'need']","['compani', 'said', 'year', 'sale', 'market', 'mr', 'busi', 'soni', 'smartphon', 'billion', 'million', 'mobil', 'new', 'revenu', 'samsung', 'expect', 'percent', 'share', 'profit', 'oper', 'buy', 'phone', 'say', 'pct', 'make']"
201412,"['compani', 'xiaomi', 'said', 'year', 'yahoo', 'billion', 'market', 'mayer', 'smartphon', 'googl', 'mr', 'busi', 'like', 'new', 'million', 'app', 'fund', 'peopl', 'investor', 'technolog', 'car', 'time', 'invest', 'use', 'user']","['said', 'compani', 'year', 'million', 'market', 'pct', 'share', 'sale', 'percent', 'close', 'new', 'quarter', 'blackberri', 'busi', 'report', 'smartphon', 'expect', 'stock', 'oil', 'wednesday', 'reuter', 'oper', 'maker', 'revenu', 'billion']"
201501,"['appl', 'compani', 'said', 'year', 'quarter', 'billion', 'market', 'iphon', 'smartphon', 'china', 'revenu', 'mr', 'new', 'analyst', 'share', 'sale', 'profit', 'million', 'samsung', 'percent', 'time', 'growth', 'like', 'oper', 'say']","['pct', 'close', 'said', 'compani', 'percent', 'report', 'maker', 'premarket', 'profit', 'expect', 'corp', 'market', 'tuesday', 'wednesday', 'sale', 'quarterli', 'monday', 'billion', 'price', 'year', 'oil', 'busi', 'reuter', 'strong', 'dollar']"
201502,"['compani', 'said', 'year', 'market', 'billion', 'appl', 'mobil', 'sale', 'revenu', 'new', 'smartphon', 'busi', 'quarter', 'expect', 'oper', 'phone', 'profit', 'use', 'technolog', 'pct', 'share', 'like', 'industri', 'wednesday', 'million']","['quirki', 'product', 'mr', 'like', 'russian', 'new', 'idea', 'year', 'compani', 'design', 'make', 'model', 'watch', 'russia', 'inventor', 'photoshop', 'kaufman', 'peopl', 'said', 'say', 'way', 'day', 'use', 'time', 'start']"
201503,"['kodak', 'watch', 'said', 'carson', 'like', 'mr', 'time', 'ring', 'new', 'design', 'peopl', 'work', 'year', 'use', 'appl', 'print', 'fanuc', 'printer', 'compani', 'clark', 'say', 'make', 'parti', 'busi', 'look']","['compani', 'said', 'year', 'market', 'billion', 'mr', 'smartphon', 'facebook', 'sale', 'share', 'revenu', 'percent', 'new', 'stock', 'ad', 'car', 'million', 'investor', 'busi', 'analyst', 'price', 'mobil', 'technolog', 'use', 'firm']"
201504,"['compani', 'said', 'microsoft', 'revenu', 'close', 'pct', 'busi', 'report', 'market', 'wednesday', 'sale', 'use', 'time', 'billion', 'cloud', 'bank', 'expect', 'network', 'percent', 'like', 'xiaomi', 'premarket', 'maker', 'amazon', 'comput']","['year', 'compani', 'said', 'appl', 'sale', 'quarter', 'billion', 'smartphon', 'profit', 'market', 'soni', 'samsung', 'share', 'new', 'analyst', 'iphon', 'percent', 'million', 'end', 'mr', 'earlier', 'expect', 'busi', 'china', 'phone']"
201505,"['mr', 'compani', 'said', 'chines', 'lenovo', 'year', 'phone', 'time', 'use', 'new', 'china', 'appl', 'technolog', 'screen', 'blackberri', 'app', 'like', 'work', 'say', 'million', 'rim', 'car', 'busi', 'market', 'smartphon']","['compani', 'said', 'billion', 'year', 'market', 'android', 'share', 'googl', 'sale', 'busi', 'smartphon', 'app', 'avago', 'revenu', 'million', 'percent', 'develop', 'broadcom', 'profit', 'new', 'maker', 'deal', 'oper', 'technolog', 'make']"
201506,"['said', 'car', 'central', 'comedi', 'network', 'say', 'new', 'alterman', 'like', 'peopl', 'use', 'year', 'store', 'china', 'time', 'make', 'develop', 'work', 'key', 'onlin', 'vehicl', 'way', 'citi', 'watch', 'app']","['compani', 'said', 'year', 'market', 'mr', 'billion', 'new', 'sale', 'share', 'busi', 'appl', 'million', 'smartphon', 'devic', 'deal', 'virtual', 'price', 'softwar', 'group', 'blackberri', 'china', 'electron', 'quarter', 'investor', 'music']"
201507,"['year', 'compani', 'said', 'billion', 'profit', 'quarter', 'sale', 'market', 'smartphon', 'percent', 'samsung', 'report', 'price', 'expect', 'second', 'investor', 'share', 'yen', 'earlier', 'earn', 'busi', 'stock', 'electron', 'analyst', 'oper']","['compani', 'window', 'new', 'said', 'microsoft', 'amazon', 'year', 'appl', 'million', 'mr', 'devic', 'use', 'comput', 'market', 'work', 'time', 'sale', 'like', 'revenu', 'servic', 'billion', 'oper', 'busi', 'technolog', 'pc']"
201508,"['said', 'ms', 'car', 'year', 'new', 'brown', 'use', 'mr', 'make', 'compani', 'app', 'million', 'like', 'time', 'burton', 'music', 'feder', 'googl', 'syrup', 'work', 'product', 'sell', 'appl', 'percent', 'say']","['china', 'said', 'compani', 'market', 'year', 'sale', 'growth', 'appl', 'smartphon', 'percent', 'new', 'economi', 'chines', 'busi', 'quarter', 'billion', 'mr', 'world', 'share', 'recent', 'technolog', 'industri', 'water', 'report', 'month']"
201509,"['iphon', 'appl', 'new', 'phone', 'barbi', 'like', 'said', 'use', 'photo', 'say', 'year', 'app', 'store', 'samsung', 'time', 'plu', 'make', 'pay', 'smartphon', 'work', 'screen', 'camera', 'featur', 'peopl', 'live']","['said', 'compani', 'year', 'car', 'googl', 'appl', 'new', 'sale', 'market', 'million', 'devic', 'china', 'mr', 'softwar', 'percent', 'busi', 'android', 'execut', 'book', 'technolog', 'time', 'smartphon', 'unit', 'expect', 'blackberri']"
201510,"['said', 'game', 'compani', 'appl', 'new', 'tv', 'mr', 'nintendo', 'walmart', 'use', 'devic', 'amazon', 'app', 'peopl', 'phone', 'retail', 'pay', 'microsoft', 'make', 'year', 'time', 'chase', 'technolog', 'price', 'mobil']","['year', 'compani', 'said', 'billion', 'sale', 'quarter', 'appl', 'profit', 'market', 'smartphon', 'percent', 'share', 'busi', 'analyst', 'revenu', 'million', 'report', 'reuter', 'china', 'expect', 'samsung', 'iphon', 'new', 'oper', 'end']"
201511,"['said', 'tv', 'compani', 'million', 'mr', 'new', 'like', 'year', 'billion', 'hdr', 'rate', 'servic', 'market', 'rakuten', 'time', 'busi', 'nokia', 'say', 'digit', 'sale', 'use', 'internet', 'offer', 'execut', 'video']","['year', 'said', 'compani', 'percent', 'sale', 'china', 'market', 'smartphon', 'quarter', 'new', 'expect', 'profit', 'technolog', 'report', 'billion', 'price', 'retail', 'share', 'stock', 'chines', 'secur', 'mobil', 'oper', 'time', 'revenu']"
201512,"['said', 'compani', 'year', 'market', 'sale', 'busi', 'mr', 'smartphon', 'million', 'new', 'servic', 'billion', 'toshiba', 'make', 'time', 'samsung', 'like', 'consum', 'phone', 'use', 'oper', 'technolog', 'share', 'app', 'softwar']","['new', 'video', 'like', 'year', 'world', 'time', 'book', 'target', 'stori', 'peopl', 'make', 'bullsey', 'game', 'watch', 'work', 'york', 'film', 'song', 'age', 'warhol', 'way', 'youtub', 'know', 'mr', 'live']"
201601,"['appl', 'year', 'said', 'compani', 'market', 'sale', 'iphon', 'china', 'quarter', 'billion', 'smartphon', 'revenu', 'share', 'growth', 'profit', 'percent', 'busi', 'analyst', 'expect', 'report', 'servic', 'price', 'new', 'samsung', 'product']","['train', 'said', 'new', 'time', 'amtrak', 'bostian', 'engin', 'mr', 'kitchen', 'like', 'news', 'design', 'car', 'york', 'use', 'remot', 'day', 'work', 'tv', 'track', 'look', 'recent', 'way', 'control', 'corridor']"
201602,"['said', 'market', 'smartphon', 'compani', 'appl', 'year', 'mobil', 'new', 'phone', 'samsung', 'world', 'china', 'devic', 'barcelona', 'driver', 'uber', 'lg', 'mr', 'sale', 'maker', 'like', 'camera', 'chines', 'huawei', 'congress']","['compani', 'said', 'use', 'year', 'new', 'batteri', 'phone', 'app', 'sale', 'start', 'billion', 'time', 'market', 'million', 'share', 'technolog', 'sharp', 'mr', 'product', 'month', 'like', 'fund', 'car', 'power', 'growth']"
201603,"['said', 'kelen', 'china', 'like', 'gou', 'wave', 'use', 'genz', 'new', 'island', 'way', 'make', 'look', 'rift', 'time', 'vr', 'watch', 'pilot', 'day', 'year', 'cano', 'safeti', 'anoth', 'caac', 'land']","['appl', 'compani', 'said', 'iphon', 'year', 'market', 'new', 'smartphon', 'product', 'phone', 'billion', 'sale', 'foxconn', 'mr', 'sharp', 'screen', 'price', 'se', 'analyst', 'like', 'china', 'make', 'say', 'busi', 'month']"
201604,"['year', 'profit', 'quarter', 'report', 'smartphon', 'samsung', 'market', 'percent', 'expect', 'compani', 'pct', 'said', 'product', 'sale', 'brand', 'revenu', 'phone', 'oper', 'say', 'demand', 'earlier', 'new', 'busi', 'billion', 'share']","['appl', 'said', 'iphon', 'compani', 'year', 'china', 'sale', 'market', 'data', 'center', 'googl', 'phone', 'revenu', 'billion', 'new', 'quarter', 'facebook', 'android', 'mr', 'use', 'includ', 'servic', 'share', 'expect', 'app']"
201605,"['compani', 'said', 'year', 'market', 'billion', 'smartphon', 'busi', 'mobil', 'technolog', 'alibaba', 'million', 'share', 'servic', 'sale', 'china', 'samsung', 'phone', 'use', 'invest', 'oper', 'report', 'chines', 'microsoft', 'world', 'mr']","['said', 'appl', 'trump', 'india', 'year', 'new', 'market', 'campaign', 'mr', 'cook', 'retail', 'compani', 'product', 'iphon', 'growth', 'offici', 'govern', 'economi', 'soni', 'time', 'like', 'phone', 'countri', 'local', 'yen']"
201606,"['compani', 'said', 'china', 'year', 'appl', 'market', 'chines', 'smartphon', 'million', 'patent', 'technolog', 'sale', 'new', 'mr', 'iphon', 'billion', 'samsung', 'mobil', 'busi', 'servic', 'execut', 'accord', 'yahoo', 'share', 'develop']","['mr', 'said', 'new', 'like', 'perez', 'time', 'use', 'year', 'car', 'start', 'work', 'trade', 'home', 'peopl', 'week', 'veteran', 'hand', 'model', 'world', 'street', 'design', 'smartphon', 'drug', 'milan', 'militari']"
201607,"['said', 'year', 'compani', 'quarter', 'smartphon', 'sale', 'appl', 'market', 'billion', 'profit', 'million', 'revenu', 'share', 'samsung', 'huawei', 'earlier', 'earn', 'expect', 'iphon', 'percent', 'busi', 'second', 'report', 'month', 'analyst']","['compani', 'yahoo', 'said', 'verizon', 'facebook', 'billion', 'year', 'googl', 'advertis', 'video', 'ad', 'mr', 'internet', 'time', 'new', 'test', 'user', 'deal', 'ms', 'york', 'busi', 'servic', 'use', 'peopl', 'like']"
201611,"['bank', 'said', 'mr', 'rate', 'year', 'financi', 'compani', 'trump', 'market', 'group', 'rule', 'investor', 'new', 'regul', 'peopl', 'invest', 'say', 'trade', 'capit', 'presid', 'govern', 'busi', 'china', 'manag', 'stock']","['compani', 'said', 'year', 'new', 'samsung', 'market', 'smartphon', 'car', 'billion', 'store', 'sale', 'technolog', 'like', 'design', 'use', 'onlin', 'make', 'time', 'busi', 'say', 'app', 'product', 'percent', 'brand', 'harman']"
201612,"['mr', 'like', 'said', 'imag', 'bank', 'new', 'googl', 'time', 'translat', 'peopl', 'make', 'machin', 'year', 'network', 'work', 'say', 'want', 'zalando', 'goldman', 'compani', 'calendar', 'look', 'way', 'use', 'comput']","['compani', 'said', 'appl', 'year', 'china', 'busi', 'market', 'mr', 'sale', 'million', 'game', 'technolog', 'billion', 'new', 'smartphon', 'product', 'govern', 'countri', 'price', 'iphon', 'patent', 'share', 'oper', 'mobil', 'com']"
201701,"['year', 'appl', 'compani', 'iphon', 'billion', 'revenu', 'mr', 'said', 'quarter', 'market', 'time', 'new', 'sale', 'analyst', 'smartphon', 'expect', 'xiaomi', 'qualcomm', 'percent', 'report', 'china', 'share', 'million', 'barra', 'accord']","['said', 'compani', 'samsung', 'year', 'googl', 'billion', 'busi', 'chip', 'note', 'percent', 'batteri', 'sale', 'market', 'ad', 'like', 'analyst', 'report', 'new', 'invest', 'instagram', 'south', 'research', 'alphabet', 'smartphon', 'devic']"
201702,"['said', 'compani', 'year', 'new', 'use', 'store', 'amazon', 'yahoo', 'sale', 'mr', 'time', 'million', 'peopl', 'busi', 'game', 'headset', 'say', 'seattl', 'like', 'billion', 'make', 'power', 'close', 'york', 'verizon']","['appl', 'compani', 'said', 'new', 'market', 'smartphon', 'year', 'phone', 'world', 'iphon', 'samsung', 'devic', 'nokia', 'technolog', 'mobil', 'accord', 'percent', 'netflix', 'snap', 'billion', 'featur', 'product', 'sale', 'reuter', 'analyst']"
201703,"['said', 'compani', 'year', 'samsung', 'market', 'new', 'mr', 'million', 'appl', 'smartphon', 'billion', 'sale', 'bank', 'phone', 'galaxi', 'busi', 'note', 'servic', 'invest', 'technolog', 'financi', 'say', 'month', 'regul', 'like']","['said', 'new', 'mr', 'watch', 'state', 'discuss', 'app', 'like', 'time', 'hous', 'york', 'hold', 'locat', 'compani', 'contact', 'live', 'technolog', 'consum', 'includ', 'chan', 'work', 'year', 'intern', 'use', 'presid']"
201704,"['said', 'year', 'compani', 'billion', 'appl', 'samsung', 'busi', 'market', 'smartphon', 'mr', 'new', 'sale', 'revenu', 'phone', 'million', 'devic', 'profit', 'googl', 'galaxi', 'analyst', 'quarter', 'percent', 'consum', 'expect', 'report']","['china', 'market', 'compani', 'year', 'mr', 'said', 'rate', 'retail', 'fitch', 'mall', 'new', 'data', 'north', 'state', 'korea', 'store', 'kim', 'million', 'use', 'invest', 'govern', 'percent', 'time', 'growth', 'report']"
201705,"['said', 'year', 'compani', 'market', 'appl', 'new', 'sale', 'smartphon', 'percent', 'share', 'china', 'billion', 'amazon', 'use', 'busi', 'time', 'oper', 'like', 'toshiba', 'devic', 'accord', 'phone', 'say', 'make', 'samsung']","['compani', 'rate', 'said', 'year', 'complex', 'time', 'new', 'kushner', 'case', 'york', 'fitch', 'inform', 'like', 'court', 'million', 'report', 'westminst', 'told', 'privaci', 'trump', 'bank', 'work', 'pay', 'presid', 'tenant']"
201706,"['said', 'compani', 'year', 'market', 'appl', 'billion', 'china', 'sale', 'product', 'iphon', 'technolog', 'million', 'new', 'chines', 'analyst', 'busi', 'share', 'industri', 'toshiba', 'smartphon', 'deal', 'blackberri', 'accord', 'price', 'digit']","['bank', 'app', 'use', 'like', 'servic', 'said', 'make', 'year', 'compani', 'ipad', 'new', 'say', 'rate', 'car', 'appl', 'time', 'person', 'vehicl', 'invest', 'pro', 'keyboard', 'payment', 'million', 'financi', 'work']"
201707,"['said', 'year', 'compani', 'appl', 'market', 'china', 'samsung', 'billion', 'smartphon', 'sale', 'new', 'bank', 'report', 'quarter', 'busi', 'profit', 'iphon', 'phone', 'analyst', 'mr', 'million', 'firm', 'like', 'price', 'percent']","['new', 'say', 'car', 'product', 'state', 'mr', 'model', 'design', 'time', 'job', 'ive', 'make', 'work', 'tesla', 'foxconn', 'trump', 'plan', 'includ', 'vehicl', 'start', 'build', 'like', 'develop', 'remicad', 'year']"
201708,"['appl', 'iphon', 'new', 'samsung', 'app', 'said', 'phone', 'devic', 'smartphon', 'year', 'peopl', 'like', 'use', 'note', 'compani', 'camera', 'includ', 'make', 'featur', 'work', 'technolog', 'googl', 'screen', 'time', 'sale']","['year', 'said', 'compani', 'market', 'china', 'billion', 'price', 'bank', 'busi', 'alibaba', 'chines', 'growth', 'amazon', 'new', 'consum', 'month', 'million', 'investor', 'mr', 'share', 'onlin', 'tencent', 'say', 'invest', 'sale']"
201709,"['said', 'compani', 'year', 'iphon', 'new', 'appl', 'smartphon', 'googl', 'market', 'chip', 'price', 'phone', 'htc', 'game', 'mr', 'like', 'use', 'time', 'million', 'sale', 'devic', 'work', 'china', 'billion', 'peopl']","['toshiba', 'said', 'compani', 'car', 'chip', 'watch', 'group', 'unit', 'year', 'billion', 'busi', 'say', 'south', 'china', 'technolog', 'deal', 'use', 'appl', 'memori', 'like', 'korea', 'connect', 'maker', 'sale', 'month']"
201710,"['bank', 'think', 'rule', 'said', 'mr', 'financi', 'polici', 'rate', 'say', 'year', 'risk', 'regul', 'like', 'time', 'way', 'know', 'fed', 'use', 'credit', 'term', 'capit', 'thing', 'market', 'growth', 'point']","['said', 'year', 'compani', 'market', 'new', 'iphon', 'appl', 'billion', 'sale', 'china', 'profit', 'time', 'smartphon', 'use', 'like', 'say', 'onlin', 'percent', 'busi', 'quarter', 'phone', 'anxieti', 'custom', 'school', 'analyst']"
201711,"['compani', 'car', 'new', 'vehicl', 'technolog', 'year', 'drive', 'time', 'say', 'use', 'like', 'electr', 'said', 'make', 'self', 'peopl', 'devic', 'world', 'toy', 'camera', 'way', 'servic', 'product', 'secur', 'tesla']","['said', 'year', 'mr', 'bank', 'rate', 'growth', 'market', 'billion', 'compani', 'expect', 'sale', 'deal', 'polici', 'percent', 'price', 'fed', 'china', 'central', 'financi', 'retail', 'amazon', 'new', 'report', 'like', 'time']"
201712,"['said', 'compani', 'year', 'appl', 'market', 'iphon', 'new', 'billion', 'smartphon', 'technolog', 'sale', 'devic', 'percent', 'phone', 'reuter', 'use', 'price', 'xiaomi', 'mr', 'report', 'say', 'uber', 'million', 'time', 'peopl']","['said', 'year', 'new', 'iqo', 'time', 'like', 'mr', 'shop', 'price', 'book', 'compani', 'philip', 'morri', 'tobacco', 'peopl', 'bitcoin', 'make', 'inflat', 'ms', 'retail', 'onlin', 'buy', 'thing', 'way', 'want']"
201801,"['said', 'year', 'market', 'compani', 'bank', 'billion', 'price', 'mr', 'smartphon', 'percent', 'sale', 'new', 'report', 'busi', 'onlin', 'samsung', 'iphon', 'appl', 'chip', 'say', 'profit', 'share', 'reuter', 'million', 'china']","['like', 'amazon', 'use', 'photo', 'new', 'said', 'car', 'time', 'open', 'store', 'peopl', 'compani', 'say', 'ap', 'assist', 'jan', 'alexa', 'model', 'protocol', 'make', 'technolog', 'internet', 'year', 'bitcoin', 'servic']"
201802,"['year', 'new', 'said', 'market', 'phone', 'smartphon', 'compani', 'appl', 'samsung', 'price', 'qualcomm', 'iphon', 'product', 'like', 'percent', 'offer', 'sale', 'make', 'reuter', 'maker', 'share', 'time', 'camera', 'roam', 'report']","['said', 'mr', 'compani', 'say', 'year', 'bank', 'financi', 'googl', 'million', 'peopl', 'amazon', 'use', 'alexa', 'custom', 'new', 'includ', 'mani', 'store', 'market', 'make', 'busi', 'like', 'investor', 'servic', 'regul']"
201803,"['compani', 'said', 'year', 'market', 'new', 'billion', 'like', 'store', 'facebook', 'data', 'smartphon', 'sale', 'million', 'appl', 'world', 'phone', 'digit', 'use', 'price', 'tax', 'share', 'say', 'busi', 'mr', 'state']","['said', 'china', 'north', 'korean', 'huawei', 'broadcom', 'technolog', 'chines', 'mr', 'year', 'make', 'new', 'ms', 'credit', 'qualcomm', 'group', 'south', 'govern', 'korea', 'secur', 'choi', 'bank', 'servic', 'say', 'time']"
201804,"['compani', 'percent', 'said', 'year', 'market', 'share', 'billion', 'googl', 'smartphon', 'quarter', 'sale', 'ad', 'revenu', 'expect', 'use', 'new', 'busi', 'profit', 'earn', 'analyst', 'demand', 'data', 'appl', 'reuter', 'report']","['china', 'compani', 'said', 'zte', 'chines', 'trump', 'year', 'qualcomm', 'technolog', 'market', 'billion', 'trade', 'american', 'mobil', 'scavino', 'huawei', 'chip', 'bank', 'state', 'equip', 'countri', 'beij', 'deal', 'new', 'includ']"
201805,"['said', 'compani', 'market', 'billion', 'year', 'zte', 'china', 'smartphon', 'busi', 'percent', 'sale', 'amazon', 'share', 'reuter', 'chines', 'price', 'phone', 'appl', 'commerc', 'walmart', 'firm', 'brand', 'accord', 'plan', 'trade']","['compani', 'use', 'app', 'phone', 'said', 'social', 'media', 'like', 'make', 'new', 'servic', 'data', 'track', 'employe', 'work', 'person', 'custom', 'mani', 'googl', 'secur', 'offer', 'surveil', 'time', 'market', 'smartphon']"
201806,"['compani', 'said', 'billion', 'china', 'year', 'market', 'xiaomi', 'chines', 'technolog', 'offer', 'hong', 'kong', 'smartphon', 'peopl', 'use', 'share', 'new', 'ipo', 'sale', 'tech', 'reuter', 'phone', 'firm', 'mr', 'base']","['art', 'museum', 'like', 'org', 'new', 'citi', 'work', 'micron', 'exhibit', 'doctor', 'time', 'artist', 'paint', 'hospit', 'mr', 'farago', 'includ', 'photograph', 'modern', 'traffick', 'center', 'young', 'year', 'make', 'patient']"
201807,"['art', 'museum', 'like', 'org', 'work', 'new', 'artist', 'exhibit', 'paint', 'time', 'make', 'year', 'mr', 'includ', 'farago', 'citi', 'sept', 'wimmelbook', 'life', 'met', 'instagram', 'earli', 'imag', 'washington', 'photograph']","['said', 'compani', 'year', 'china', 'billion', 'market', 'googl', 'qualcomm', 'busi', 'new', 'smartphon', 'appl', 'sale', 'share', 'chines', 'percent', 'samsung', 'deal', 'chip', 'technolog', 'mr', 'trade', 'revenu', 'profit', 'analyst']"
201808,"['art', 'museum', 'org', 'like', 'paint', 'new', 'work', 'exhibit', 'artist', 'includ', 'sept', 'farago', 'mr', 'make', 'year', 'earli', 'time', 'citi', 'american', 'world', 'polit', 'photograph', 'modern', 'moma', 'oct']","['compani', 'said', 'year', 'market', 'googl', 'new', 'smartphon', 'note', 'samsung', 'china', 'mactaggart', 'phone', 'sale', 'like', 'billion', 'use', 'chines', 'percent', 'peopl', 'appl', 'data', 'price', 'share', 'mr', 'facebook']"
201809,"['art', 'museum', 'org', 'like', 'new', 'exhibit', 'work', 'paint', 'time', 'year', 'citi', 'live', 'mr', 'artist', 'space', 'modern', 'light', 'oct', 'farago', 'design', 'make', 'photograph', 'includ', 'look', 'american']","['appl', 'iphon', 'compani', 'new', 'said', 'year', 'xs', 'mr', 'phone', 'say', 'price', 'use', 'product', 'market', 'like', 'screen', 'model', 'peopl', 'technolog', 'time', 'make', 'app', 'instagram', 'share', 'china']"
201810,"['year', 'compani', 'said', 'market', 'billion', 'appl', 'china', 'new', 'googl', 'phone', 'smartphon', 'percent', 'sale', 'busi', 'devic', 'price', 'iphon', 'chines', 'xr', 'profit', 'xs', 'technolog', 'screen', 'quarter', 'share']","['art', 'museum', 'new', 'org', 'artist', 'like', 'exhibit', 'time', 'work', 'paint', 'live', 'citi', 'modern', 'galleri', 'light', 'jan', 'york', 'make', 'year', 'moma', 'feel', 'white', 'photograph', 'berlin', 'oct']"
201811,"['said', 'compani', 'use', 'state', 'govern', 'time', 'mr', 'phone', 'develop', 'work', 'new', 'say', 'like', 'nvidia', 'china', 'peopl', 'card', 'year', 'includ', 'york', 'technolog', 'interview', 'app', 'build', 'program']","['appl', 'year', 'said', 'market', 'sale', 'compani', 'percent', 'iphon', 'store', 'microsoft', 'price', 'smartphon', 'retail', 'new', 'billion', 'consum', 'quarter', 'onlin', 'product', 'report', 'share', 'busi', 'tech', 'devic', 'phone']"
201812,"['said', 'compani', 'huawei', 'appl', 'china', 'year', 'market', 'sale', 'iphon', 'court', 'billion', 'technolog', 'india', 'chines', 'smartphon', 'meng', 'unit', 'samsung', 'busi', 'state', 'govern', 'percent', 'qualcomm', 'chip', 'new']","['facebook', 'compani', 'data', 'said', 'use', 'amazon', 'time', 'user', 'peopl', 'new', 'mr', 'year', 'like', 'privaci', 'share', 'locat', 'inform', 'custom', 'servic', 'access', 'includ', 'partner', 'app', 'say', 'chip']"
201901,"['appl', 'said', 'china', 'year', 'compani', 'sale', 'percent', 'market', 'quarter', 'iphon', 'billion', 'revenu', 'price', 'expect', 'smartphon', 'product', 'trade', 'chip', 'report', 'demand', 'share', 'analyst', 'profit', 'intel', 'new']","['huawei', 'china', 'compani', 'chines', 'said', 'beij', 'busi', 'economi', 'state', 'new', 'technolog', 'govern', 'time', 'world', 'like', 'year', 'photo', 'consum', 'use', 'global', 'factori', 'qualcomm', 'make', 'countri', 'offici']"
201902,"['said', 'compani', 'new', 'year', 'market', 'percent', 'york', 'busi', 'appl', 'china', 'share', 'billion', 'north', 'citi', 'mr', 'sale', 'revenu', 'tech', 'million', 'industri', 'app', 'peopl', 'product', 'technolog', 'report']","['samsung', 'phone', 'smartphon', 'new', 'devic', 'said', 'galaxi', 'screen', 'year', 'price', 'market', 'huawei', 'fold', 'camera', 'mobil', 'use', 'appl', 'consum', 'model', 'network', 'like', 'featur', 'technolog', 'compani', 'foldabl']"
201903,"['compani', 'year', 'said', 'appl', 'market', 'billion', 'china', 'percent', 'huawei', 'smartphon', 'share', 'report', 'sale', 'revenu', 'busi', 'reuter', 'profit', 'chip', 'chines', 'expect', 'servic', 'global', 'growth', 'quarter', 'technolog']","['said', 'mr', 'new', 'compani', 'time', 'car', 'app', 'like', 'home', 'peopl', 'say', 'user', 'make', 'data', 'use', 'year', 'custom', 'want', 'qualcomm', 'need', 'watch', 'brand', 'person', 'model', 'million']"
201904,"['compani', 'said', 'year', 'china', 'new', 'bike', 'share', 'mr', 'busi', 'nokia', 'investor', 'million', 'uber', 'includ', 'chines', 'say', 'ventur', 'start', 'technolog', 'market', 'billion', 'use', 'mani', 'servic', 'amazon']","['said', 'year', 'samsung', 'appl', 'chip', 'market', 'compani', 'smartphon', 'billion', 'quarter', 'phone', 'report', 'qualcomm', 'percent', 'expect', 'fold', 'revenu', 'sale', 'huawei', 'devic', 'analyst', 'screen', 'galaxi', 'busi', 'intel']"
201905,"['qualcomm', 'chip', 'compani', 'mr', 'year', 'said', 'china', 'billion', 'make', 'busi', 'licens', 'trade', 'rule', 'time', 'market', 'develop', 'maker', 'file', 'appl', 'judg', 'say', 'use', 'patent', 'deal', 'price']","['huawei', 'said', 'compani', 'smartphon', 'china', 'googl', 'chines', 'technolog', 'phone', 'trade', 'network', 'new', 'american', 'year', 'use', 'busi', 'market', 'firm', 'servic', 'product', 'trump', 'state', 'global', 'secur', 'govern']"
201906,"['compani', 'said', 'huawei', 'china', 'year', 'sale', 'technolog', 'chines', 'product', 'market', 'smartphon', 'new', 'chip', 'mr', 'billion', 'peopl', 'american', 'trade', 'like', 'busi', 'appl', 'includ', 'use', 'ban', 'execut']","['record', 'master', 'music', 'compani', 'umg', 'new', 'tape', 'year', 'aronson', 'time', 'like', 'said', 'vault', 'mr', 'say', 'label', 'siemen', 'album', 'univers', 'includ', 'artist', 'mani', 'digit', 'use', 'evernot']"
201907,"['said', 'compani', 'year', 'devic', 'use', 'new', 'like', 'phone', 'million', 'mobil', 'peopl', 'patient', 'make', 'plan', 'featur', 'mr', 'data', 'googl', 'app', 'billion', 'time', 'car', 'includ', 'smartphon', 'set']","['said', 'compani', 'appl', 'year', 'billion', 'market', 'china', 'sale', 'huawei', 'smartphon', 'trade', 'quarter', 'busi', 'samsung', 'revenu', 'share', 'iphon', 'report', 'expect', 'reuter', 'qualcomm', 'chip', 'technolog', 'profit', 'analyst']"
201908,"['mr', 'brown', 'said', 'like', 'time', 'new', 'compani', 'year', 'facebook', 'journal', 'jafa', 'western', 'film', 'million', 'peopl', 'work', 'googl', 'black', 'news', 'includ', 'stori', 'say', 'site', 'use', 'media']","['said', 'compani', 'china', 'huawei', 'year', 'trade', 'new', 'market', 'trump', 'chines', 'sale', 'product', 'smartphon', 'technolog', 'busi', 'billion', 'tariff', 'south', 'use', 'list', 'reuter', 'appl', 'korea', 'japan', 'share']"
201909,"['iphon', 'year', 'appl', 'phone', 'new', 'said', 'compani', 'smartphon', 'huawei', 'china', 'model', 'photo', 'price', 'devic', 'like', 'use', 'servic', 'market', 'pro', 'camera', 'time', 'nation', 'featur', 'upgrad', 'make']","['googl', 'compani', 'said', 'new', 'hear', 'ad', 'mr', 'use', 'app', 'execut', 'peopl', 'amazon', 'say', 'market', 'aid', 'user', 'time', 'investig', 'busi', 'world', 'billion', 'york', 'rival', 'state', 'year']"
201910,"['game', 'addict', 'video', 'time', 'peopl', 'mr', 'work', 'play', 'brack', 'like', 'new', 'mani', 'roth', 'said', 'say', 'use', 'home', 'year', 'librari', 'reward', 'friend', 'life', 'make', 'hour', 'american']","['said', 'compani', 'year', 'china', 'appl', 'new', 'sale', 'smartphon', 'googl', 'market', 'quarter', 'billion', 'phone', 'iphon', 'busi', 'huawei', 'trade', 'pixel', 'month', 'price', 'report', 'expect', 'reuter', 'technolog', 'amazon']"
201911,"['year', 'said', 'compani', 'appl', 'shark', 'mr', 'babi', 'busi', 'new', 'billion', 'time', 'like', 'sale', 'smartphon', 'market', 'servic', 'ms', 'make', 'music', 'million', 'quarter', 'price', 'qualcomm', 'deal', 'profit']","['china', 'said', 'compani', 'chines', 'huawei', 'hong', 'use', 'trump', 'govern', 'kong', 'new', 'state', 'like', 'trade', 'beij', 'time', 'technolog', 'year', 'product', 'mr', 'ren', 'devic', 'work', 'make', 'say']"
201912,"['year', 'said', 'compani', 'market', 'china', 'like', 'sale', 'new', 'trade', 'chines', 'industri', 'make', 'growth', 'billion', 'product', 'time', 'investor', 'buy', 'smartphon', 'expect', 'state', 'retail', 'price', 'share', 'economi']","['compani', 'mr', 'peopl', 'googl', 'like', 'time', 'world', 'year', 'new', 'way', 'american', 'use', 'decad', 'photo', 'power', 'china', 'facebook', 'work', 'say', 'countri', 'said', 'chang', 'game', 'data', 'read']"
202001,"['peopl', 'sono', 'googl', 'mr', 'said', 'use', 'think', 'amazon', 'say', 'work', 'bs', 'like', 'new', 'year', 'compani', 'commun', 'time', 'know', 'right', 'speaker', 'make', 'senat', 'american', 'app', 'hous']","['compani', 'said', 'year', 'china', 'appl', 'sale', 'market', 'billion', 'technolog', 'trade', 'chines', 'chip', 'huawei', 'smartphon', 'new', 'iphon', 'busi', 'quarter', 'product', 'servic', 'samsung', 'maker', 'mr', 'expect', 'price']"
202002,"['phone', 'said', 'year', 'new', 'like', 'use', 'compani', 'galaxi', 'ms', 'time', 'samsung', 'lessin', 'work', 'camera', 'mr', 'photo', 'peopl', 'tech', 'smartphon', 'start', 'video', 'technolog', 'data', 'network', 'inform']","['china', 'said', 'compani', 'appl', 'year', 'product', 'sale', 'chines', 'outbreak', 'coronaviru', 'viru', 'new', 'store', 'market', 'quarter', 'countri', 'report', 'smartphon', 'week', 'huawei', 'expect', 'world', 'japan', 'global', 'busi']"
202003,"['said', 'compani', 'china', 'year', 'peopl', 'appl', 'smartphon', 'new', 'sale', 'mr', 'product', 'test', 'market', 'coronaviru', 'busi', 'south', 'viru', 'billion', 'korea', 'manufactur', 'countri', 'factori', 'huawei', 'world', 'make']","['time', 'new', 'museum', 'like', 'art', 'work', 'world', 'year', 'photo', 'travel', 'make', 'org', 'video', 'american', 'screen', 'look', 'exhibit', 'place', 'googl', 'camera', 'way', 'use', 'view', 'york', 'right']"
202004,"['said', 'peopl', 'time', 'use', 'new', 'app', 'health', 'coronaviru', 'day', 'like', 'citi', 'work', 'test', 'home', 'need', 'wuhan', 'viru', 'week', 'contact', 'mani', 'state', 'photo', 'make', 'googl', 'countri']","['said', 'iphon', 'compani', 'appl', 'year', 'sale', 'new', 'market', 'quarter', 'smartphon', 'demand', 'china', 'report', 'coronaviru', 'busi', 'se', 'phone', 'price', 'billion', 'pandem', 'expect', 'global', 'chip', 'samsung', 'million']"
202005,"['said', 'huawei', 'mr', 'use', 'technolog', 'app', 'govern', 'coronaviru', 'compani', 'state', 'new', 'time', 'say', 'china', 'peopl', 'countri', 'global', 'googl', 'report', 'health', 'appl', 'help', 'offici', 'smartphon', 'week']","['compani', 'said', 'year', 'sale', 'new', 'smartphon', 'billion', 'iphon', 'quarter', 'game', 'like', 'market', 'home', 'pandem', 'time', 'china', 'phone', 'se', 'fund', 'xiaomi', 'make', 'video', 'share', 'invest', 'demand']"
202006,"['appl', 'compani', 'said', 'app', 'year', 'use', 'bike', 'mr', 'new', 'like', 'busi', 'custom', 'peopl', 'market', 'servic', 'sale', 'billion', 'make', 'chip', 'microsoft', 'time', 'mani', 'iphon', 'includ', 'technolog']","['said', 'new', 'huawei', 'coronaviru', 'peopl', 'mr', 'compani', 'time', 'year', 'state', 'like', 'ren', 'china', 'countri', 'product', 'axion', 'say', 'matter', 'room', 'use', 'case', 'health', 'univers', 'govern', 'photo']"
202007,"['said', 'compani', 'year', 'appl', 'app', 'sale', 'market', 'billion', 'new', 'china', 'googl', 'smartphon', 'like', 'quarter', 'time', 'busi', 'pandem', 'report', 'samsung', 'product', 'mask', 'use', 'huawei', 'mr', 'peopl']","['said', 'aid', 'rite', 'reuter', 'store', 'technolog', 'compani', 'mr', 'china', 'facial', 'use', 'recognit', 'year', 'new', 'peopl', 'deepcam', 'state', 'like', 'brandt', 'newspap', 'work', 'govern', 'retail', 'mercuri', 'chines']"
202008,"['compani', 'year', 'said', 'market', 'phone', 'chip', 'smartphon', 'share', 'new', 'samsung', 'appl', 'pixel', 'billion', 'technolog', 'price', 'manufactur', 'report', 'iphon', 'intel', 'devic', 'product', 'like', 'sale', 'expect', 'time']","['app', 'compani', 'said', 'tiktok', 'mr', 'china', 'chines', 'appl', 'year', 'use', 'user', 'byted', 'trump', 'huawei', 'busi', 'say', 'data', 'govern', 'state', 'peopl', 'secur', 'microsoft', 'new', 'qualcomm', 'american']"
202009,"['said', 'compani', 'china', 'tiktok', 'app', 'chines', 'batteri', 'mr', 'appl', 'american', 'state', 'technolog', 'trump', 'googl', 'charg', 'secur', 'huawei', 'year', 'deal', 'percent', 'unit', 'oper', 'use', 'time', 'market']","['compani', 'year', 'new', 'appl', 'said', 'arm', 'billion', 'like', 'nvidia', 'sale', 'product', 'make', 'time', 'smartphon', 'use', 'busi', 'market', 'chip', 'iphon', 'mr', 'includ', 'microsoft', 'pandem', 'technolog', 'devic']"
202010,"['compani', 'said', 'googl', 'year', 'huawei', 'billion', 'market', 'busi', 'chip', 'smartphon', 'china', 'sale', 'search', 'samsung', 'appl', 'quarter', 'use', 'technolog', 'say', 'american', 'new', 'consum', 'depart', 'state', 'report']","['new', 'time', 'game', 'iphon', 'phone', 'like', 'video', 'peopl', 'year', 'student', 'use', 'work', 'make', 'camera', 'includ', 'mobil', 'appl', 'said', 'photo', 'model', 'polestar', 'app', 'verizon', 'play', 'featur']"
202011,"['said', 'compani', 'year', 'new', 'chip', 'huawei', 'say', 'smartphon', 'china', 'intel', 'iphon', 'busi', 'market', 'use', 'technolog', 'time', 'honor', 'mr', 'make', 'manufactur', 'sale', 'industri', 'product', 'camera', 'american']","['said', 'compani', 'new', 'year', 'game', 'like', 'trump', 'busi', 'presid', 'peopl', 'soni', 'photo', 'mr', 'file', 'time', 'mani', 'use', 'includ', 'comput', 'million', 'pandem', 'elect', 'playstat', 'market', 'offer']"
202012,"['said', 'peopl', 'app', 'use', 'bodi', 'new', 'percent', 'year', 'time', 'pandem', 'state', 'test', 'fat', 'technolog', 'photo', 'student', 'halo', 'coronaviru', 'mani', 'health', 'measur', 'like', 'hear', 'dr', 'day']","['said', 'compani', 'year', 'china', 'busi', 'new', 'chines', 'market', 'billion', 'money', 'chip', 'intel', 'base', 'use', 'servic', 'accord', 'gan', 'report', 'reuter', 'sale', 'million', 'appl', 'citi', 'industri', 'state']"
202101,"['said', 'compani', 'app', 'new', 'use', 'facebook', 'time', 'like', 'product', 'pandem', 'amc', 'year', 'technolog', 'chip', 'work', 'mani', 'industri', 'servic', 'aron', 'semiconductor', 'mr', 'home', 'peopl', 'googl', 'includ']","['compani', 'said', 'year', 'samsung', 'smartphon', 'market', 'appl', 'chip', 'billion', 'sale', 'huawei', 'quarter', 'share', 'mr', 'china', 'analyst', 'technolog', 'phone', 'new', 'busi', 'accord', 'maker', 'chines', 'execut', 'demand']"
202102,"['said', 'chip', 'compani', 'year', 'time', 'new', 'billion', 'pandem', 'market', 'maker', 'car', 'haredi', 'home', 'product', 'industri', 'use', 'expect', 'auto', 'make', 'sale', 'supplier', 'mani', 'like', 'commun', 'work']","['compani', 'amazon', 'said', 'like', 'new', 'biden', 'year', 'busi', 'india', 'use', 'appl', 'facebook', 'mr', 'time', 'industri', 'manufactur', 'govern', 'vehicl', 'batteri', 'say', 'includ', 'econom', 'electr', 'work', 'peopl']"
202103,"['said', 'compani', 'year', 'chip', 'smartphon', 'market', 'china', 'huawei', 'billion', 'busi', 'sale', 'use', 'product', 'hear', 'xiaomi', 'shortag', 'suppli', 'maker', 'industri', 'march', 'chines', 'com', 'new', 'includ', 'demand']","['compani', 'app', 'said', 'use', 'peopl', 'work', 'year', 'new', 'time', 'like', 'clearview', 'make', 'way', 'state', 'googl', 'appl', 'think', 'technolog', 'store', 'photo', 'million', 'right', 'say', 'alibaba', 'vehicl']"
202104,"['said', 'amazon', 'mr', 'appl', 'facebook', 'compani', 'peopl', 'app', 'time', 'busi', 'year', 'wish', 'new', 'state', 'use', 'custom', 'servic', 'mani', 'cook', 'user', 'make', 'execut', 'product', 'work', 'like']","['year', 'said', 'chip', 'compani', 'smartphon', 'market', 'billion', 'huawei', 'quarter', 'sale', 'car', 'busi', 'reuter', 'samsung', 'product', 'technolog', 'report', 'expect', 'maker', 'share', 'vehicl', 'million', 'profit', 'unit', 'new']"
202105,"['said', 'compani', 'year', 'market', 'deliveri', 'app', 'billion', 'order', 'share', 'make', 'restaur', 'busi', 'car', 'doordash', 'like', 'sale', 'investor', 'smartphon', 'quarter', 'new', 'stock', 'product', 'technolog', 'reuter', 'revenu']","['appl', 'app', 'compani', 'epic', 'said', 'mr', 'store', 'time', 'peopl', 'work', 'like', 'use', 'game', 'onlyfan', 'new', 'develop', 'year', 'sex', 'state', 'worker', 'make', 'iphon', 'cook', 'power', 'googl']"
202106,"['compani', 'said', 'appl', 'mobil', 'like', 'health', 'year', 'huawei', 'woebot', 'exxon', 'new', 'industri', 'peopl', 'say', 'tsmc', 'world', 'chip', 'time', 'app', 'use', 'therapi', 'make', 'oil', 'carbon', 'sharehold']","['said', 'compani', 'year', 'googl', 'use', 'app', 'million', 'new', 'window', 'billion', 'includ', 'devic', 'phone', 'microsoft', 'smartphon', 'market', 'technolog', 'state', 'amazon', 'mr', 'product', 'oper', 'user', 'servic', 'develop']"
202107,"['said', 'chip', 'compani', 'year', 'quarter', 'billion', 'smartphon', 'sale', 'market', 'samsung', 'car', 'second', 'profit', 'revenu', 'expect', 'demand', 'busi', 'shortag', 'appl', 'product', 'maker', 'oper', 'analyst', 'share', 'new']","['app', 'googl', 'venic', 'peopl', 'said', 'time', 'store', 'homeless', 'state', 'year', 'say', 'play', 'develop', 'hous', 'use', 'new', 'android', 'angel', 'like', 'digit', 'lo', 'day', 'lawsuit', 'citi', 'today']"
202108,"['phone', 'said', 'samsung', 'new', 'app', 'year', 'compani', 'googl', 'like', 'smartphon', 'peopl', 'appl', 'ms', 'devic', 'wood', 'mr', 'use', 'watch', 'game', 'product', 'design', 'price', 'time', 'galaxi', 'facebook']","['compani', 'said', 'year', 'china', 'didi', 'huawei', 'billion', 'market', 'busi', 'sale', 'million', 'reuter', 'report', 'chines', 'new', 'quarter', 'evergrand', 'chip', 'govern', 'vehicl', 'technolog', 'share', 'mr', 'smartphon', 'xiaomi']"
202109,"['said', 'compani', 'year', 'mr', 'new', 'billion', 'market', 'sale', 'custom', 'like', 'googl', 'industri', 'busi', 'million', 'peopl', 'storag', 'ad', 'use', 'time', 'accord', 'didi', 'govern', 'finman', 'china', 'home']","['appl', 'iphon', 'new', 'app', 'batteri', 'phone', 'year', 'camera', 'compani', 'like', 'model', 'technolog', 'devic', 'said', 'pro', 'time', 'photo', 'smartphon', 'featur', 'use', 'screen', 'power', 'zoe', 'video', 'tech']"
202110,"['new', 'said', 'mr', 'like', 'peopl', 'compani', 'facebook', 'googl', 'bot', 'use', 'time', 'make', 'sneaker', 'social', 'media', 'pixel', 'app', 'work', 'tech', 'phone', 'sell', 'releas', 'evergrand', 'mani', 'look']","['compani', 'year', 'said', 'chip', 'market', 'billion', 'sale', 'huawei', 'quarter', 'china', 'technolog', 'report', 'smartphon', 'share', 'busi', 'new', 'product', 'revenu', 'price', 'vehicl', 'million', 'say', 'suppli', 'car', 'global']"
202111,"['said', 'chip', 'compani', 'year', 'product', 'billion', 'market', 'smartphon', 'new', 'reuter', 'sale', 'suppli', 'report', 'make', 'china', 'use', 'maker', 'industri', 'quarter', 'appl', 'qualcomm', 'price', 'technolog', 'like', 'manufactur']","['com', 'amazon', 'wirecutt', 'staff', 'data', 'writer', 'use', 'senior', 'said', 'make', 'camera', 'new', 'googl', 'heat', 'retail', 'come', 'like', 'real', 'app', 'peopl', 'phone', 'work', 'technolog', 'privaci', 'editor']"
202112,"['said', 'compani', 'appl', 'year', 'tech', 'like', 'mr', 'technolog', 'devic', 'new', 'gun', 'app', 'world', 'use', 'peopl', 'say', 'make', 'smartphon', 'work', 'samsung', 'iphon', 'mani', 'comput', 'phone', 'want']","['compani', 'said', 'year', 'car', 'tesla', 'vehicl', 'market', 'china', 'million', 'new', 'base', 'billion', 'industri', 'invest', 'accord', 'firm', 'maker', 'global', 'busi', 'electr', 'investor', 'softwar', 'driver', 'price', 'execut']"
202201,"['compani', 'year', 'said', 'appl', 'chip', 'billion', 'market', 'sale', 'quarter', 'smartphon', 'game', 'product', 'iphon', 'expect', 'busi', 'industri', 'consum', 'price', 'share', 'analyst', 'new', 'samsung', 'technolog', 'revenu', 'accord']","['like', 'new', 'work', 'bottl', 'googl', 'black', 'paint', 'use', 'game', 'time', 'said', 'american', 'make', 'nso', 'israel', 'com', 'york', 'artist', 'state', 'art', 'year', 'galleri', 'peopl', 'counterfeit', 'street']"
202202,"['said', 'compani', 'year', 'billion', 'arm', 'mr', 'market', 'chip', 'new', 'like', 'sale', 'bitcoin', 'use', 'busi', 'industri', 'firm', 'deal', 'softbank', 'price', 'smartphon', 'say', 'report', 'tech', 'charg', 'car']","['said', 'compani', 'appl', 'year', 'track', 'new', 'airtag', 'googl', 'devic', 'use', 'advertis', 'ad', 'chang', 'app', 'user', 'meta', 'time', 'mr', 'work', 'privaci', 'iphon', 'peopl', 'product', 'report', 'make']"
202203,"['new', 'iphon', 'appl', 'use', 'phone', 'technolog', 'like', 'peopl', 'make', 'time', 'work', 'need', 'compani', 'test', 'home', 'se', 'year', 'secur', 'want', 'set', 'devic', 'batteri', 'model', 'say', 'app']","['russia', 'said', 'compani', 'year', 'ukrain', 'market', 'russian', 'sale', 'stock', 'product', 'test', 'month', 'report', 'accord', 'chines', 'week', 'sanction', 'sinc', 'say', 'tech', 'expect', 'govern', 'countri', 'abbott', 'oper']"
202204,"['said', 'year', 'chip', 'compani', 'quarter', 'market', 'samsung', 'billion', 'sale', 'report', 'expect', 'revenu', 'demand', 'busi', 'profit', 'product', 'smartphon', 'price', 'analyst', 'china', 'share', 'appl', 'reuter', 'million', 'consum']","['appl', 'app', 'like', 'use', 'peopl', 'new', 'imag', 'mr', 'time', 'smart', 'make', 'technolog', 'car', 'store', 'thing', 'compani', 'look', 'said', 'way', 'devic', 'word', 'includ', 'user', 'gener', 'say']"
202205,"['china', 'said', 'year', 'compani', 'product', 'tesla', 'sale', 'market', 'chines', 'car', 'new', 'refurbish', 'covid', 'global', 'smartphon', 'quarter', 'demand', 'peopl', 'appl', 'growth', 'com', 'suppli', 'countri', 'reuter', 'mr']","['compani', 'googl', 'said', 'new', 'like', 'time', 'work', 'data', 'user', 'appl', 'year', 'musk', 'use', 'app', 'peopl', 'make', 'twitter', 'ad', 'busi', 'tech', 'pixel', 'film', 'big', 'say', 'market']"
202206,"['compani', 'said', 'year', 'appl', 'ad', 'market', 'tech', 'tmtg', 'chip', 'sale', 'accord', 'new', 'social', 'peopl', 'busi', 'technolog', 'product', 'industri', 'trump', 'user', 'smartphon', 'like', 'reuter', 'app', 'use']","['scooter', 'school', 'new', 'time', 'make', 'like', 'meta', 'peopl', 'use', 'year', 'mani', 'way', 'inform', 'data', 'compani', 'york', 'american', 'citi', 'state', 'rate', 'student', 'metavers', 'high', 'chang', 'say']"
202207,"['said', 'year', 'chip', 'sale', 'demand', 'quarter', 'compani', 'billion', 'expect', 'appl', 'smartphon', 'revenu', 'market', 'china', 'profit', 'report', 'analyst', 'samsung', 'maker', 'iphon', 'reuter', 'busi', 'suppli', 'share', 'second']","['compani', 'time', 'new', 'tech', 'like', 'start', 'make', 'said', 'use', 'year', 'peopl', 'say', 'think', 'digit', 'chang', 'mani', 'industri', 'meta', 'percent', 'big', 'want', 'technolog', 'thing', 'chain', 'money']"
202208,"['year', 'china', 'compani', 'chip', 'said', 'market', 'sale', 'smartphon', 'quarter', 'billion', 'consum', 'industri', 'revenu', 'demand', 'semiconductor', 'new', 'global', 'expect', 'technolog', 'growth', 'price', 'report', 'chines', 'maker', 'busi']","['said', 'phone', 'compani', 'time', 'use', 'work', 'samsung', 'new', 'app', 'year', 'like', 'foldabl', 'set', 'make', 'appl', 'data', 'android', 'peopl', 'devic', 'screen', 'say', 'galaxi', 'mani', 'iphon', 'employe']"
202209,"['compani', 'new', 'like', 'time', 'year', 'technolog', 'said', 'want', 'use', 'say', 'make', 'american', 'mr', 'data', 'work', 'vehicl', 'state', 'power', 'ev', 'peopl', 'look', 'mckinsey', 'car', 'citi', 'life']","['appl', 'iphon', 'year', 'said', 'compani', 'new', 'phone', 'smartphon', 'market', 'model', 'price', 'sale', 'product', 'china', 'camera', 'pro', 'expect', 'featur', 'devic', 'accord', 'peopl', 'billion', 'offer', 'includ', 'end']"
202210,"['said', 'chip', 'compani', 'year', 'sale', 'billion', 'quarter', 'china', 'demand', 'market', 'appl', 'new', 'report', 'busi', 'expect', 'analyst', 'semiconductor', 'product', 'industri', 'revenu', 'memori', 'price', 'maker', 'technolog', 'samsung']","['mr', 'compani', 'said', 'meta', 'new', 'use', 'time', 'phone', 'peopl', 'app', 'year', 'devic', 'metavers', 'ms', 'meng', 'like', 'employe', 'offici', 'usb', 'work', 'hear', 'headset', 'world', 'user', 'zuckerberg']"
202211,"['year', 'said', 'compani', 'sale', 'market', 'china', 'iphon', 'appl', 'product', 'quarter', 'smartphon', 'new', 'price', 'chip', 'report', 'consum', 'expect', 'billion', 'month', 'busi', 'demand', 'share', 'revenu', 'global', 'mr']","['like', 'book', 'said', 'new', 'time', 'app', 'make', 'use', 'bike', 'power', 'box', 'want', 'work', 'amazon', 'photo', 'ev', 'state', 'compani', 'look', 'come', 'year', 'mani', 'peopl', 'electr', 'charger']"
202212,"['batteri', 'tesla', 'said', 'compani', 'recycl', 'mr', 'electr', 'vehicl', 'car', 'new', 'year', 'time', 'use', 'radio', 'mani', 'make', 'say', 'musk', 'industri', 'materi', 'paper', 'plant', 'box', 'north', 'packag']","['compani', 'year', 'said', 'china', 'tiktok', 'chines', 'app', 'new', 'like', 'tech', 'user', 'product', 'byted', 'peopl', 'zhang', 'appl', 'chip', 'american', 'time', 'accord', 'market', 'month', 'make', 'busi', 'govern']"
